"Service Name","Retail Price","Duration","Extra Time","Tax","Description","Category Name","Treatment Type","Resource","Online Booking","Available For","Voucher Sales","Commissions","Service ID","SKU"
"Yearly Refresher ","250.00","1h 30m","","No tax","Refresh your look and bring your brows back to life with our yearly refresher. This service ensures your microblading remains vibrant and beautifully defined, perfectly framing your face and enhancing your natural beauty. Experience the rejuvenation your brows deserve.","MICROBLADING CONSULTATION","Microblading","Not required","Enabled","Everyone","Enabled","Enabled","24306331",""
"Microblading Fine Line, Shade, or Powder","350.00","2h","","No tax","Discover the elegance of perfectly sculpted brows with our microblading service. Tailor your look by selecting from fine line, shade, or powder techniques that enhance your natural beauty. Our personalized artistry aligns with your unique style and facial shape. During your consultation, we'll review your health history and contraindications, ensuring every detail is in place. Together, we will map out your desired shape and color, apply topical numbing, and begin the procedure. Your comfort is our top priority throughout the entire process. Experience a beautiful transformation at Hello Gorgeous Med Spa.","MICROBLADING CONSULTATION","Microblading","Not required","Enabled","Everyone","Enabled","Enabled","24306323",""
"MICROBLADING CONSULTATION  - Free","0.00","15m","","No tax","","MICROBLADING CONSULTATION","Microblading","Not required","Enabled","Everyone","Enabled","Enabled","24192311",""
"Professional Brazilian Laser Hair Removal ","499.00","30m","","No tax","✨ Brazilian Laser Hair Removal — 3 Month Package
April · May · June — all three sessions included
💰 Only $499 for all 3 months
🎁 Book by end of March — get a FREE small area added to every session (underarms, lip, chin, bikini line — your choice)
🔁 Not fully removed after 3 sessions? We'll do a FREE touch-up. Period.
We use medical-grade laser technology with full clinical oversight — not a spa laser, a real Class 4 medical device. Your results are backed by our NP on site every single day.
Summer is literally around the corner. Stop shaving. Stop waxing. Let's get you smooth for good.","Spring Specials","Laser Hair Removal","Not required","Enabled","Everyone","Enabled","Enabled","23510317",""
"The Dani, Fix Me Facial","1500.00","1h","","No tax","The Dani, Fix Me Trifecta
IPL + Morpheus8 + CO2 Resurfacing

This is not a basic facial. This is the Hello Gorgeous anti-aging correction plan.

The Dani, Fix Me Trifecta is designed for clients who are concerned with aging skin, sun damage, pigmentation, fine lines, wrinkles, texture, pores, crepey skin, and skin laxity. Instead of guessing which treatment to book, Hello Gorgeous creates a corrective 3-visit plan using IPL, Morpheus8, and CO2 resurfacing.

This package targets aging from three directions:

IPL helps improve the look of sun damage, brown spots, redness, and uneven tone.
Morpheus8 helps support collagen remodeling, skin tightening, pores, texture, and laxity.
CO2 resurfacing helps improve wrinkles, rough texture, crepey skin, acne scarring, and overall resurfacing.

This treatment is best for clients who want visible correction, not just a glow.

","InMode Advanced Face & Body Resurfacing","Microneedling","Not required","Enabled","Everyone","Enabled","Enabled","24580540",""
"Quantum RF Lipo Neck ","2499.00","1h","","No tax","QUANTUM RF — Minimally Invasive Radiofrequency Skin 
Tightening & Body Contouring

Quantum RF is one of InMode's most powerful treatments — 
a minimally invasive procedure that delivers fractionated 
bipolar radiofrequency energy directly beneath the skin 
through ultra-thin micro-cannula probes. This is not a 
surface treatment. RF energy is delivered to the deep 
dermis, fibroseptal network, and subdermal tissue — 
producing results that surface devices simply cannot reach.

HOW IT WORKS
A small cannula is inserted beneath the skin under local 
anesthesia. Fractionated RF energy heats tissue to a 
precise therapeutic temperature — immediately contracting 
collagen fibers while triggering your body's natural 
wound-healing response. This stimulates new collagen and 
elastin production that continues building for up to 
6 months post-treatment.

Quantum RF also targets localized fat deposits — gently 
heating and breaking down adipose tissue for a more 
sculpted, contoured result.
","InMode Advanced Face & Body Resurfacing","Fat Dissolving Injections","Not required","Enabled","Everyone","Enabled","Enabled","23761205",""
"Quantum RF Lipo Neck  - Knees ","2499.00","1h","","No tax","QUANTUM RF — Minimally Invasive Radiofrequency Skin 
Tightening & Body Contouring

Quantum RF is one of InMode's most powerful treatments — 
a minimally invasive procedure that delivers fractionated 
bipolar radiofrequency energy directly beneath the skin 
through ultra-thin micro-cannula probes. This is not a 
surface treatment. RF energy is delivered to the deep 
dermis, fibroseptal network, and subdermal tissue — 
producing results that surface devices simply cannot reach.

HOW IT WORKS
A small cannula is inserted beneath the skin under local 
anesthesia. Fractionated RF energy heats tissue to a 
precise therapeutic temperature — immediately contracting 
collagen fibers while triggering your body's natural 
wound-healing response. This stimulates new collagen and 
elastin production that continues building for up to 
6 months post-treatment.

Quantum RF also targets localized fat deposits — gently 
heating and breaking down adipose tissue for a more 
sculpted, contoured result.
","InMode Advanced Face & Body Resurfacing","Fat Dissolving Injections","Not required","Enabled","Everyone","Enabled","Enabled","23761205",""
"Quantum RF Lipo Neck  - Arms ","2499.00","1h","","No tax","QUANTUM RF — Minimally Invasive Radiofrequency Skin 
Tightening & Body Contouring

Quantum RF is one of InMode's most powerful treatments — 
a minimally invasive procedure that delivers fractionated 
bipolar radiofrequency energy directly beneath the skin 
through ultra-thin micro-cannula probes. This is not a 
surface treatment. RF energy is delivered to the deep 
dermis, fibroseptal network, and subdermal tissue — 
producing results that surface devices simply cannot reach.

HOW IT WORKS
A small cannula is inserted beneath the skin under local 
anesthesia. Fractionated RF energy heats tissue to a 
precise therapeutic temperature — immediately contracting 
collagen fibers while triggering your body's natural 
wound-healing response. This stimulates new collagen and 
elastin production that continues building for up to 
6 months post-treatment.

Quantum RF also targets localized fat deposits — gently 
heating and breaking down adipose tissue for a more 
sculpted, contoured result.
","InMode Advanced Face & Body Resurfacing","Fat Dissolving Injections","Not required","Enabled","Everyone","Enabled","Enabled","23761205",""
"Quantum RF Lipo Neck  - Abdomen ","3999.00","1h","","No tax","QUANTUM RF — Minimally Invasive Radiofrequency Skin 
Tightening & Body Contouring

Quantum RF is one of InMode's most powerful treatments — 
a minimally invasive procedure that delivers fractionated 
bipolar radiofrequency energy directly beneath the skin 
through ultra-thin micro-cannula probes. This is not a 
surface treatment. RF energy is delivered to the deep 
dermis, fibroseptal network, and subdermal tissue — 
producing results that surface devices simply cannot reach.

HOW IT WORKS
A small cannula is inserted beneath the skin under local 
anesthesia. Fractionated RF energy heats tissue to a 
precise therapeutic temperature — immediately contracting 
collagen fibers while triggering your body's natural 
wound-healing response. This stimulates new collagen and 
elastin production that continues building for up to 
6 months post-treatment.

Quantum RF also targets localized fat deposits — gently 
heating and breaking down adipose tissue for a more 
sculpted, contoured result.
","InMode Advanced Face & Body Resurfacing","Fat Dissolving Injections","Not required","Enabled","Everyone","Enabled","Enabled","23761205",""
"Morpheus8 + CO₂ Combo ($1,499) — MOST POPULAR","1499.00","1h","","No tax","Transform your skin with a powerful combination of advanced treatments designed to rejuvenate and enhance your natural beauty. Experience the synergy of Morpheus8 and CO₂ for an ultimate refresh, leaving you with a radiant, youthful complexion

.Morpheus8 Burst for deep collagen remodeling plus Solaria CO₂ for surface correction. Two layers of treatment, one plan. Only 20 VIP Model spots at $1,499.""

","InMode Advanced Face & Body Resurfacing","TUG Breast Reconstruction","Not required","Enabled","Everyone","Enabled","Enabled","23429505",""
"Solaria CO₂ Laser  - Under Eye ","495.00","1h 30m","","No tax","Experience the rejuvenating power of our carbon laser peel, designed to revitalize your skin and enhance your natural beauty. This advanced treatment gently removes imperfections, leaving your complexion smoother and more radiant. Discover a new level of confidence with healthier-looking skin.","InMode Advanced Face & Body Resurfacing","Laser Resurfacing","Not required","Enabled","Everyone","Enabled","Enabled","23429495",""
"Solaria CO₂ Laser  - Neck & Chin or Full Chest ","595.00","1h 30m","","No tax","Experience the rejuvenating power of our carbon laser peel, designed to revitalize your skin and enhance your natural beauty. This advanced treatment gently removes imperfections, leaving your complexion smoother and more radiant. Discover a new level of confidence with healthier-looking skin.","InMode Advanced Face & Body Resurfacing","Laser Resurfacing","Not required","Enabled","Everyone","Enabled","Enabled","23429495",""
"Solaria CO₂ Laser ","899.00","1h 30m","","No tax","Experience the rejuvenating power of our carbon laser peel, designed to revitalize your skin and enhance your natural beauty. This advanced treatment gently removes imperfections, leaving your complexion smoother and more radiant. Discover a new level of confidence with healthier-looking skin.","InMode Advanced Face & Body Resurfacing","Laser Resurfacing","Not required","Enabled","Everyone","Enabled","Enabled","23429495",""
"Morpheus8 Burst (Full Face) ","799.00","1h","","No tax","What Is Morpheus8 Burst?

Morpheus8 Burst is an RF microneedling treatment that delivers radiofrequency energy at three depths at once, including up to 8mm—about twice the depth of standard Morpheus8. That deeper reach targets collagen and elastin where they’re produced, so you get tightening and remodeling from the inside out, not just at the surface.

What It Treats

Morpheus8 Burst is used for loose skin, fine lines and wrinkles, acne scars, jowls, jawline laxity, crepey skin, enlarged pores, and post–weight loss laxity. It’s suitable for face, neck, décolletage, and body. Many clients see improvement in texture, tone, and contour after a single treatment, with continued improvement for 3–6 months.Who It’s For

Ideal candidates want tightening and rejuvenation without surgery. It works for most skin types and tones. A consultation confirms candidacy and sets expectations.

","InMode Advanced Face & Body Resurfacing","Facial","Not required","Enabled","Everyone","Enabled","Enabled","23429487",""
"Morpheus8 Burst (Full Face)  - Burst Deep Technology - Abdomen, Thights, Arms","995.00","1h 30m","","No tax","What Is Morpheus8 Burst?

Morpheus8 Burst is an RF microneedling treatment that delivers radiofrequency energy at three depths at once, including up to 8mm—about twice the depth of standard Morpheus8. That deeper reach targets collagen and elastin where they’re produced, so you get tightening and remodeling from the inside out, not just at the surface.

What It Treats

Morpheus8 Burst is used for loose skin, fine lines and wrinkles, acne scars, jowls, jawline laxity, crepey skin, enlarged pores, and post–weight loss laxity. It’s suitable for face, neck, décolletage, and body. Many clients see improvement in texture, tone, and contour after a single treatment, with continued improvement for 3–6 months.Who It’s For

Ideal candidates want tightening and rejuvenation without surgery. It works for most skin types and tones. A consultation confirms candidacy and sets expectations.

","InMode Advanced Face & Body Resurfacing","Facial","Not required","Enabled","Everyone","Enabled","Enabled","23429487",""
"Morpheus8 Burst (Full Face)  - MORPHEUS 8 BURST X3","1999.00","1h","","No tax","What Is Morpheus8 Burst?

Morpheus8 Burst is an RF microneedling treatment that delivers radiofrequency energy at three depths at once, including up to 8mm—about twice the depth of standard Morpheus8. That deeper reach targets collagen and elastin where they’re produced, so you get tightening and remodeling from the inside out, not just at the surface.

What It Treats

Morpheus8 Burst is used for loose skin, fine lines and wrinkles, acne scars, jowls, jawline laxity, crepey skin, enlarged pores, and post–weight loss laxity. It’s suitable for face, neck, décolletage, and body. Many clients see improvement in texture, tone, and contour after a single treatment, with continued improvement for 3–6 months.Who It’s For

Ideal candidates want tightening and rejuvenation without surgery. It works for most skin types and tones. A consultation confirms candidacy and sets expectations.

","InMode Advanced Face & Body Resurfacing","Facial","Not required","Enabled","Everyone","Enabled","Enabled","23429487",""
"Peptide Therapy Consultation (Over 50 + Available)","49.00","30m","","No tax","Unlock the potential for better wellness with a comprehensive consultation designed to guide you through peptide therapy. Our expert team will discuss your unique health goals and tailor a plan that may enhance your overall vitality and well-being.","Bioidentical Hormone Therapy (BHRT) & Peptide Therapy","TUG Breast Reconstruction","Not required","Enabled","Everyone","Enabled","Enabled","24414613",""
"17 Hormone panel -Results within 36 hours ","249.00","30m","","No tax","“Think of this hormone panel as your roadmap.”
“We’re not guessing—we’re getting a clear snapshot of what your hormones are doing right now and how your body is functioning overall. That way, if we move forward with BioTE, we can personalize your plan for the best results and the safest experience.” 
Biote

What we’re checking (in plain language)

Key hormones (like testosterone + estradiol):
“These help us see whether your levels may be too low or out of balance compared to how you’re feeling.” 

FSH (commonly for women):
“This helps us understand where you may be in the menopause transition and how that could be affecting symptoms.” 

Thyroid markers (TSH, T3, T4 ± TPO):
“Thyroid function can mimic hormone-imbalance symptoms—fatigue, weight changes, brain fog—so we check it to make sure we’re seeing the full picture.” 


CBC (complete blood count):
“This checks basics like red and white blood cells—overall health and safety markers.” 


","Bioidentical Hormone Therapy (BHRT) & Peptide Therapy","Medical Care","Not required","Enabled","Everyone","Enabled","Enabled","19675764",""
"4-Week Tirzepatide Program ","349.00","15m","","No tax","Tirzepatide is a prescription medication that works with your body instead of against it. Most of us were taught that weight is purely about willpower, that if we just tried harder we'd succeed. But for a lot of people, the real struggle is something called ""food noise"" — the constant background hum of cravings, the snacking that isn't really hunger, the feeling of never being satisfied. Tirzepatide works on the same appetite signals your body already uses, so that noise quiets down. You feel full sooner. You think about food less. And for the first time in a long time, eating in a way that feels good stops being a daily battle.
It is not a magic shot, and I won't insult you by pretending it is. It's a tool — a really good one — that works best alongside the everyday things we all know matter: nourishing food, movement you enjoy, water, rest. What the medication does is finally make those things feel possible instead of impossible. It levels the playing field.","Weight Loss Injections","Weight Loss Program","Not required","Enabled","Everyone","Enabled","Enabled","24430106",""
"Retatrutide GLP-1 Weight loss is here!!!  Power Triple action agonist  - From","550.00","20m","","No tax","Experience the latest in weight management with this innovative triple action hormone receptor agonist GLP-1 Peptide. The latest and greatest and most potent weight loss drug on the market is now available at Hello Gorgeous. Ryan Kent is happy to consult free of charge and discuss your options. ","Weight Loss Injections","Weight Loss Program","Not required","Enabled","Everyone","Enabled","Enabled","22135540",""
"Retatrutide GLP-1 Weight loss is here!!!  Power Triple action agonist  - (2 Month) 2 and 4 ml ","699.00","30m","","No tax","Experience the latest in weight management with this innovative triple action hormone receptor agonist GLP-1 Peptide. The latest and greatest and most potent weight loss drug on the market is now available at Hello Gorgeous. Ryan Kent is happy to consult free of charge and discuss your options. ","Weight Loss Injections","Weight Loss Program","Not required","Enabled","Everyone","Enabled","Enabled","22135540",""
"Retatrutide GLP-1 Weight loss is here!!!  Power Triple action agonist  - Month 3 - 4ml for 4 weeks","799.00","1h","","No tax","Experience the latest in weight management with this innovative triple action hormone receptor agonist GLP-1 Peptide. The latest and greatest and most potent weight loss drug on the market is now available at Hello Gorgeous. Ryan Kent is happy to consult free of charge and discuss your options. ","Weight Loss Injections","Weight Loss Program","Not required","Enabled","Everyone","Enabled","Enabled","22135540",""
"Semaglutide (Wegovy/Ozempic)  - From","299.00","15m","","No tax","Transform your weight loss journey with this innovative injection that helps manage cravings and support your goals. Experience a new approach to achieving a healthier lifestyle at Hello Gorgeous Med Spa, where your wellness is our priority.","Weight Loss Injections","Weight Loss Program","Not required","Enabled","Everyone","Enabled","Enabled","19613503",""
"Semaglutide (Wegovy/Ozempic)  - 90 Day Program Save $200 Upfront ","825.00","10m","","No tax","Transform your weight loss journey with this innovative injection that helps manage cravings and support your goals. Experience a new approach to achieving a healthier lifestyle at Hello Gorgeous Med Spa, where your wellness is our priority.","Weight Loss Injections","Weight Loss Program","Not required","Enabled","Everyone","Enabled","Enabled","19613503",""
"Tirzepatide (Zepbound/Mounjaro)  - up to 5 ml per injection - From","349.00","15m","","No tax","During your consultation with Ryan Kent, APRN we will provide a :
 
Medical Evaluation

Review medical history (e.g., thyroid cancer risk, pancreatitis, diabetes, heart disease).

We will check baseline blood work if needed (e.g., glucose, kidney function, lipid profile).

Discuss your options for medication :

Medication Selection

Semaglutide (Wegovy/Ozempic): Once-weekly injection, gradually titrated.

Liraglutide (Saxenda): Daily injection, increased gradually.

Tirzepatide (Zepbound/Mounjaro): Once-weekly injection, gradually increased.

Dosage:

Dosage Titration (Example for Semaglutide)

Week 1-4: 0.25 mg once weekly

Week 5-8: 0.5 mg once weekly

Week 9-12: 1.0 mg once weekly

Week 13+: Increase up to 2.4 mg weekly as tolerated

Administration Guidelines

Inject subcutaneously (abdomen, thigh, or upper arm).

Rotate injection sites to prevent irritation.

Take consistently on the same day each week.

Can be taken with or without food.


","Weight Loss Injections","Weight Loss Program","Not required","Enabled","Everyone","Enabled","Enabled","19613488",""
"Tirzepatide (Zepbound/Mounjaro)  - 5ml-10 ml per injection","500.00","20m","","No tax","During your consultation with Ryan Kent, APRN we will provide a :
 
Medical Evaluation

Review medical history (e.g., thyroid cancer risk, pancreatitis, diabetes, heart disease).

We will check baseline blood work if needed (e.g., glucose, kidney function, lipid profile).

Discuss your options for medication :

Medication Selection

Semaglutide (Wegovy/Ozempic): Once-weekly injection, gradually titrated.

Liraglutide (Saxenda): Daily injection, increased gradually.

Tirzepatide (Zepbound/Mounjaro): Once-weekly injection, gradually increased.

Dosage:

Dosage Titration (Example for Semaglutide)

Week 1-4: 0.25 mg once weekly

Week 5-8: 0.5 mg once weekly

Week 9-12: 1.0 mg once weekly

Week 13+: Increase up to 2.4 mg weekly as tolerated

Administration Guidelines

Inject subcutaneously (abdomen, thigh, or upper arm).

Rotate injection sites to prevent irritation.

Take consistently on the same day each week.

Can be taken with or without food.


","Weight Loss Injections","Weight Loss Program","Not required","Enabled","Everyone","Enabled","Enabled","19613488",""
"Tirzepatide (Zepbound/Mounjaro)  - 12 ML-15ML","550.00","20m","","No tax","During your consultation with Ryan Kent, APRN we will provide a :
 
Medical Evaluation

Review medical history (e.g., thyroid cancer risk, pancreatitis, diabetes, heart disease).

We will check baseline blood work if needed (e.g., glucose, kidney function, lipid profile).

Discuss your options for medication :

Medication Selection

Semaglutide (Wegovy/Ozempic): Once-weekly injection, gradually titrated.

Liraglutide (Saxenda): Daily injection, increased gradually.

Tirzepatide (Zepbound/Mounjaro): Once-weekly injection, gradually increased.

Dosage:

Dosage Titration (Example for Semaglutide)

Week 1-4: 0.25 mg once weekly

Week 5-8: 0.5 mg once weekly

Week 9-12: 1.0 mg once weekly

Week 13+: Increase up to 2.4 mg weekly as tolerated

Administration Guidelines

Inject subcutaneously (abdomen, thigh, or upper arm).

Rotate injection sites to prevent irritation.

Take consistently on the same day each week.

Can be taken with or without food.


","Weight Loss Injections","Weight Loss Program","Not required","Enabled","Everyone","Enabled","Enabled","19613488",""
"MEDICAL WEIGHT MANAGEMENT PROGRAM ","295.00","30m","","No tax","💗 HELLO GORGEOUS MED SPA
🏋️‍♀️ Medical Weight Management Program
Powered by RX Pharmacy Compounds

🎯 Target Fat, Cravings, and Low Energy with Our $249 Special

We offer :

✅ Naltrexone (oral capsules, nightly)
✅ Sermorelin (subcutaneous injections
✅ Lipo-Trim SL (oral spray, daily)



Benefits:
Boost metabolism & fat-burning

Curb cravings & suppress appetite

Improve energy & mental focus

Support better sleep & hormone function","Weight Loss Injections","Weight Loss Program","Not required","Enabled","Everyone","Enabled","Enabled","20005590",""
"Prepaid injection- weight loss - Free","0.00","15m","","No tax","Client pre paid package","Weight Loss Injections","Fat Dissolving Injections","Not required","Disabled","","Enabled","Enabled","19944063",""
"Multi-Site Session ","249.00","30m","","No tax","Experience targeted relief in just 15–20 minutes as we address multiple trigger points. This focused session helps ease muscle tension and discomfort, leaving you feeling refreshed and more comfortable in no time. Perfect for quick, effective relief.","Trigger Point Injections","Trigger Point Massage","Not required","Enabled","Everyone","Enabled","Enabled","21301110",""
"Intro Offer ","149.00","30m","","No tax","Experience targeted relief in just 10 minutes, ideal for newcomers or those with specific tension points. Perfect for first-time clients or addressing focused knots, this quick session helps you feel relaxed and refreshed.","Trigger Point Injections","Trigger Point Massage","Not required","Enabled","Everyone","Enabled","Enabled","21301100",""
"The Glass Glow Facial (Hydra + Dermaplanning + Baby Tox )","349.00","1h","","No tax","✨ Glow + Smooth: Dermaplaning Facial with BabyTox Microchanneling & Hydra

This advanced facial combines two powerhouse treatments. 
Combines Hydration + Smoothing + BabyTox magic.

""Baby Botox,"" is a cosmetic procedure using a smaller dose of botulinum toxin (the same substance in Botox) injected into the skin, rather than directly into the muscles, to achieve a smoother, more rejuvenated appearance with subtle results. It's designed to address fine lines and wrinkles and improve skin texture without the risk of a ""frozen"" or unnatural look associated with traditional Botox. 
Smaller Dose:
MicroTox uses a lower concentration of botulinum toxin compared to traditional Botox. 
Superficial Injections:
The injections are made just below the skin's surface, targeting the superficial layers rather than the underlying muscles. 
MicroTox delivers more delicate, natural-looking results, focusing on improving skin tone, texture, and fine lines without significantly altering facial movement. 
","GlowTox Facial ( Our Signature)","Microneedling","Not required","Enabled","Everyone","Enabled","Enabled","19876062",""
"Anteage Growth Factor UnderEye Mesotherapy Treatment ","199.00","30m","","No tax","🌸 AnteAGE® Under-Eye Mesotherapy
Targeted Rejuvenation Using Stem Cell Growth Factors

📌 What It Is:
A minimally invasive under-eye treatment using AnteAGE MD Growth Factor Solution, designed specifically for delicate periorbital skin. This mesotherapy-style treatment delivers bio-identical stem cell-derived growth factors and cytokines directly into the skin to reduce:

Dark circles

Fine lines & wrinkles

Puffiness

Skin laxity & crepey texture","ANTEAGE-  THE FUTURE OF SKIN REGENERATION IS HERE","Mesotherapy","Not required","Enabled","Everyone","Enabled","Enabled","20398054",""
"Anteage IPL PhotoFacial with  Stem Cell Growth Factors ","249.00","1h","","No tax","","ANTEAGE-  THE FUTURE OF SKIN REGENERATION IS HERE","IPL Treatment","Not required","Enabled","Everyone","Enabled","Enabled","20376732",""
"ANTEAGE Microneedling with Hylauranic Acid (Good Results)","249.00","45m","","No tax","“Boost Your Microneedling with AnteAGE + HA”

“Stem cell growth factors speed up healing, HA hydrates deep. It’s science-backed beauty.”

“This combo boosts collagen, fades fine lines, and leaves you GLOWING ✨”


 “Book now to upgrade your microneedling session!”

","ANTEAGE-  THE FUTURE OF SKIN REGENERATION IS HERE","Microneedling","Not required","Enabled","Everyone","Enabled","Enabled","20288406",""
"ANTEAGE Microneedling with Exosomes & Biosomes( Best Results)","499.00","45m","","No tax","AnteAGE MDX Exosomes
A first of its kind, AnteAGE MDX Exosome Solution is a highly concentrated exosome treatment solution for topical use in combination with microneedling, radiofrequency, laser, and other treatments. This hybrid exosome cocktail strikes the ideal balance between potency and stability, resulting in a powerful, potent, ultra-pure exosome treatment solution unlike any other! 

Exosome Solution comes in a lyophilized form to preserve the highest level of quality and purity. 

✨ THE FUTURE OF SKIN REGENERATION IS HERE
Microneedling + AnteAGE® Exosomes
📍 Only at Hello Gorgeous Med Spa

🧬 What are Exosomes?
They’re tiny powerhouse messengers derived from stem cells, clinically designed to boost healing, improve cell communication, and supercharge collagen production.

💉 When combined with Microneedling, you get:

🔹 Dramatically reduced redness & downtime

🔹 Firmer, smoother, more radiant skin

🔹 Faster recovery, visible glow in days

🔹 Enhanced skin texture & tone","ANTEAGE-  THE FUTURE OF SKIN REGENERATION IS HERE","Microneedling","Not required","Enabled","Everyone","Enabled","Enabled","20288732",""
"Hair Restoration with Exosome Injections ","499.00","45m","","No tax","AnteAGE MDX
Hair Exosomes
Our groundbreaking AnteAGE MDX® Exosome Hair Solution takes hair health to the next level. Backed by rigorous scientific research and our commitment to innovation, AnteAGE MDX ensures results.

​

Our unique approach to enhancing the cell culture conditions for our stem cells results in exosomes specifically targeted to upregulate WNT signaling – a crucial signaling pathway involved with hair follicle development. Not only do the exosomes target WNT signalizing, they also retain the regenerative capabilities that you are accustomed to seeing across the AnteAGE product line.

AnteAGE MDX Exosome Hair Solution combines exosomes with caffeine for follicle stimulation and azelaic acid to counteract the effects of DHT, addressing all of your hair loss concerns.

Treatment includes at home Aftercare Kit ","ANTEAGE-  THE FUTURE OF SKIN REGENERATION IS HERE","Scalp Micropigmentation","Not required","Enabled","Everyone","Enabled","Enabled","20288748",""
"(Hylanex) lip dissolver - From","250.00","30m","","No tax","","DERMAL FILLERS","Lip Fillers","Not required","Enabled","Everyone","Enabled","Enabled","21304175",""
"Per Syringe ","599.00","1h","","No tax","Experience a revitalized appearance with our dermal filler treatment, available per syringe. This service helps to enhance facial contours and restore volume, providing a refreshed look you’ll love. Your journey to subtle beauty starts here, with personalized care to meet your unique needs.","DERMAL FILLERS","Dermal Fillers","Not required","Enabled","Everyone","Enabled","Enabled","20173670",""
"VITAMIN INJECTIONS","25.00","10m","","No tax","BCAA (Branched-Chain Amino Acids)	Promotes muscle repair and reduces breakdown

L-Carnitine	Converts fat to energy, reduces fatigue

Glutathione	Powerful antioxidant, reduces inflammation

Magnesium Sulfate	Eases cramps, improves muscle function

NAD+	Enhances cellular energy production and recovery

CoQ10	Improves oxygen use and tissue repair

Taurine	Balances electrolytes, reduces cramps

Vitamin B12 or B-Complex	Boosts energy and supports nervous system recovery

Vitamin C	Aids in collagen production and tissue healing

","VITAMIN INJECTIONS","Anti-Wrinkle Injections","Not required","Enabled","Everyone","Enabled","Enabled","20012913",""
"REBOOT (HANGOVER)  IV THERAPY ","149.00","1h","","No tax","Replenish your body and combat hangover-related symptoms like dehydration, headache, and nausea with our Reboot IV Kit. This premix is one of our various IV nutrition therapy offerings and includes ten treatments of premium-quality compounds designed to replenish the fluids needed for optimal wellness.","IV DRIP PACKAGE DEALS","IV Drip","Not required","Enabled","Everyone","Enabled","Enabled","19734101",""
"IV BEAUTY","189.00","1h","","No tax","Designed to help bring out radiance and natural glow, this kit includes ten treatments of premium-quality compounds believed to fortify hair, skin and nails, reduce wrinkles and quench skin from the inside out.


Fortifies hair, skin and nails
Reduces wrinkles
Quenches tired skin","IV DRIP PACKAGE DEALS","IV Drip","Not required","Enabled","Everyone","Enabled","Enabled","19734094",""
"MYER'S COCKTAIL","199.00","1h","","No tax","The Myers’ Cocktail, named after Dr. John Myers, is a widely popular IV treatment that includes Magnesium, Calcium, B Complex, and additional B6, B5, and B12. It’s known for its effectiveness against fatigue, stress, and anxiety.","IV DRIP PACKAGE DEALS","IV Drip","Not required","Enabled","Everyone","Enabled","Enabled","19734077",""
"IV JET LAG","149.00","1h","","No tax","Ideal for pre or post-travel, this treatment includes B Vitamins and Vitamin C with a Super B intramuscular shot to boost energy and immune health during your trip.","IV DRIP PACKAGE DEALS","IV Drip","Not required","Enabled","Everyone","Enabled","Enabled","19734071",""
"B-Lean IV Kit","149.00","1h","","No tax","Designed to help burn fat and boost metabolism, the B-Lean IV kit includes ten treatments of premium-quality compounds, harnessing the benefits of B vitamins to raise energy levels and support a healthy metabolism.


Helps convert fat into energy
Enhances athletic performance
Improves overall mood
Boosts your metabolism","IV DRIP PACKAGE DEALS","IV Drip","Not required","Enabled","Everyone","Enabled","Enabled","19734057",""
"Medical Visit with Ryan Kent APRN , FNP","49.00","15m","","No tax","Experience personalized, professional care from a trusted medical provider. Meet with Ryan Kent, APRN, FNP, for a thorough medical visit tailored to your needs. This service offers a supportive environment where your wellness and beauty concerns are addressed with expertise and attention.","Medical Visit with Ryan Kent, APRN, FNP-BC, FPA","TUG Breast Reconstruction","Not required","Enabled","Everyone","Enabled","Enabled","19910965",""
"Botox /Jeuveau/Dysport ","12.00","30m","","No tax","💉 Botox, Jeuveau, and Dysport — What They Are

All three are botulinum toxin type A injectables that temporarily relax targeted muscles to smooth dynamic wrinkles (like frown lines, forehead creases, and crow’s feet). They’re FDA-approved, safe, and work in very similar ways, but they differ in branding, onset, diffusion, and cost.

🔎 Botox (onabotulinumtoxinA)

The OG — first FDA-approved, most studied brand.

Onset: ~5–7 days to see results.

Duration: 3–4 months (sometimes up to 6).

Best for: Patients who want the most tested, most trusted option.

Cost: Usually priced per unit, slightly more expensive but name-recognition strong.

🔎 Dysport (abobotulinumtoxinA)

Onset: Faster — often 2–3 days.

Spread: Tends to diffuse more once injected → good for large areas like the forehead.

Duration: ~3–4 months.

Best for: Patients wanting quicker results or broader coverage with fewer injections.

Note: Diffusion can be a double-edged sword — not ideal for small, precise areas ","BOTOX","Anti-Wrinkle Injections","Not required","Enabled","Everyone","Enabled","Enabled","20075569",""
"Lip Flip Special ","99.00","30m","","No tax","Pout Perfection for Less! 💋
Introducing the Lip Flip – a quick, subtle way to enhance your smile using Botox!
Just a few units give your upper lip a fuller, lifted appearance… no filler needed!

✨ Limited Time Special: $99 Lip Flip ✨
Get that effortlessly plump look in minutes.

📍 Hello Gorgeous Med Spa – Oswego, IL
📲 Book now: hellogorgeousbeautysupply.com
📞 Call/text: 630-881-3398","BOTOX","Anti-Wrinkle Injections","Not required","Enabled","Everyone","Enabled","Enabled","19819621",""
"BOTOX SPECIAL $10/unit( New Clients Only) - From","10.00","30m","","No tax"," Ryan Kent, FPA, APRN, FNP-C is accepting patients to administer botox for Hello Gorgeous for appointments pre booked before May 1st.   We will lock you in at this rate for 1 year if scheduled online now thru april 30th. We look forward to providing you the very best. Also if your interested in meeting ryan please feel free to book a free 15 minute consultation today","BOTOX","Anti-Wrinkle Injections","Not required","Enabled","Everyone","Enabled","Enabled","19769499",""
"VAMP SALMON DNA RED CARPET GLASS SKIN FACIAL W/ MICRONEEDLING/IPL PHOTOFACIAL/OR CHEMICAL PEEL","299.00","45m","","No tax","Uneven tone, dark spots, and a dull complexion can impact how your skin looks—and how confident you feel. VAMP Salmon DNA Treatment, often referred to as the “Glass Facial” in Korean skincare, offers a next-level approach to restoring a healthy, radiant glow. This topical solution features a sterile blend of polydeoxyribonucleotides (PDRN), amino acids, vitamins, and minerals to deeply nourish and revitalize the skin. At HELLO GORGEOUS MED SPA we exclusively provide VAMP treatments to help patients achieve smooth, hydrated, and revitalized skin. Whether you’re addressing fine lines, enlarged pores, or uneven skin tone, VAMP can help you achieve a brighter, healthier complexion.","Skin Spa","TUG Breast Reconstruction","Not required","Enabled","Everyone","Enabled","Enabled","20201749",""
"BABY TOX W/ MICRONEEDLING ","349.00","45m","","No tax","Ready to achieve a glowing, photo-finished face in a matter of days? Micro-Tox microneedling can dramatically improve the appearance of your skin in just a single session. This unique alternative to classic Botox injections and traditional microneedling takes skin tightening, lifting, and rejuvenation to a whole new level.

Rapid Treatment, Rapid Results. Micro-Tox treatments require only a few minutes to complete and deliver a noticeable difference within 24-48 hours.
Minimally Invasive and Safe. Like traditional microneedling and Botox injections, Micro-Tox treatments are minimally invasive and highly safe.
Instantly Hydrating. Micro-Tox treatments deliver deep hydration in minutes. Improve your complexion by enhancing your skin health on the cellular level.
Minimal Downtime and Discomfort. As with traditional Botox and microneedling, Micro-Tox treatments induce very little discomfort and require negligible downtime.
","Skin Spa","Facial","Not required","Enabled","Everyone","Enabled","Enabled","19876108",""
"PRP FACIAL (VAMPIRE FACIAL)","299.00","1h","","No tax","The process involves drawing the guest’s own blood and running it through a centrifuge to draw out the plasma. Next, the PRP is then either rubbed onto the surface of the face after a microneedling treatment or injected under the skin to begin the healing process.

Platelet-Rich Plasma (PRP) facials stimulate rapid skin rejuvenation to remove blemishes and signs of aging and naturally revitalize your face. Refresh your look as crow’s feet, scarring, and blemishes give way to a vibrant, healthy radiance.


Platelet-Rich Plasma (PRP) therapy is a minimally invasive and non-surgical treatment that uses your body’s own enriched cells to promote natural skin renewal.","Skin Spa","Vampire Facial","Not required","Enabled","Everyone","Enabled","Enabled","19687957",""
"Chemical Peel Facial ","80.00","45m","","No tax","Dermalogica offers a line of professional-grade chemical peels called Pro Power Peels — they are customizable, layered treatments that are gentler than traditional deep peels but still highly effective.

What is a Dermalogica Chemical Peel?
A Dermalogica chemical peel is a customizable skin resurfacing treatment that uses chemical exfoliants to:

Improve skin texture and tone

Brighten dull skin

Reduce fine lines

Fade hyperpigmentation

Clear breakouts

It focuses on being effective but skin-safe, minimizing downtime.

Types of Peels in the Dermalogica Line:
✅ Pro Power Peel 30 or 60
(30-minute or 60-minute customized treatments)

The formulas include:

Lactic Acid (brightens and hydrates)

Salicylic Acid (clears breakouts and oily skin)

Glycolic Acid (resurfaces and smooths fine lines)

Mandelic Acid (gentle for sensitive, redness-prone skin)

Often layered based on the client’s skin condition!

Treatment Experience:
Light tingling sensation

We also offer Skin Script RX, VI Peel","Skin Spa","Facial","Not required","Enabled","Everyone","Enabled","Enabled","17181397",""
"GLOW2FACIAL (GENEO)","99.00","1h","","No tax","The Geneo Glow2Facial is an advanced, non-invasive facial treatment designed to rejuvenate and oxygenate the skin, leaving it radiant and refreshed. It combines three technologies—exfoliation, oxygenation, and skin infusion—making it a popular choice for achieving a natural glow without downtime.
How the Glow2Facial Works
The treatment is based on a 3-in-1 approach:

Exfoliation:

A unique capsule creates gentle exfoliation to remove dead skin cells, similar to microdermabrasion.
This preps the skin to absorb essential nutrients during the next steps.
Oxygenation:

The treatment stimulates the body’s natural oxygen supply by creating a CO₂-rich environment on the skin. This triggers the ""Bohr effect,"" encouraging the skin to deliver oxygen-rich blood to the area, improving circulation.
Infusion of Active Ingredients:

The skin is infused with targeted serums (like hyaluronic acid, antioxidants, or vitamins) tailored to individual concerns such as fine lines, dullness, or acne.

","Skin Spa","Microneedling","Not required","Enabled","Everyone","Enabled","Enabled","16859488",""
"Photofacials (IPL)","169.00","30m","","No tax","An IPL Photofacial is a non-invasive skin treatment that uses Intense Pulsed Light (IPL) technology to improve the color, texture, and clarity of the skin.

It targets pigment and vascular irregularities without damaging the top layer of skin — meaning no downtime!
What IPL Photofacials Treat:
Brown spots (sun damage, freckles, age spots)

Redness (rosacea, broken capillaries, vascular lesions)

Uneven skin tone

Fine lines and large pores (mild improvement)

Acne-related redness
How It Works:
A handheld device delivers high-intensity pulses of broad-spectrum light into the skin.

The light penetrates the skin and is absorbed by pigment (melanin) and blood vessels without harming surrounding tissue.

The body naturally removes the treated pigment and broken vessels over the next 7–14 days.

Treatment Experience:
Feels like a small rubber band snap on the skin.

Takes about 20–45 minutes depending on the area.

No downtime (mild redness and darkening of spots are normal for a few days).","Skin Spa","IPL Treatment","Not required","Enabled","Everyone","Enabled","Enabled","12690608",""
"2 in 1 Hydra Pen Micro-channeling & Hydra facial","169.00","1h","","No tax","Microneedling and HydraFacial treatments can be done together or on the same day. The HydraFacial treats the skin from the outside in, while microneedling treats the skin from the inside out. When combined, these treatments can produce significant improvements in skin. 
The HydraFacial cleanses, exfoliates, and nourishes the skin. Microneedling stimulates the wound healing cycle, which encourages the growth of new tissue and collagen. This can help with acne scarring, enlarged pores, and fine lines. 
Your face will be glowing after this facial. No Downtime required. This is a Gem! ","Skin Spa","Facial","Not required","Enabled","Everyone","Enabled","Enabled","12702263",""
"Hydra Facial w/ Dermaplanning ","99.00","45m","","No tax","Experience the transformative power of our advanced skin treatment that combines cleansing, exfoliation, extraction, hydration, and antioxidant protection—all in one seamless session. With the Hydra Peel, enjoy clearer, more radiant skin without any discomfort or downtime. This non-invasive procedure utilizes serums rich in antioxidants, peptides, and hyaluronic acid, delivering instant results. Impurities are gently removed while nourishing solutions infuse your skin, effectively targeting fine lines, enlarged pores, oily or acne-prone skin, hyperpigmentation, and brown spots. Revel in rejuvenated skin as it extracts blackheads, reduces acne scars, and diminishes sun damage. Commonly treated areas include the face, neck, and décolleté. Embrace your skin’s beauty today!","Skin Spa","Facial","Not required","Enabled","Everyone","Enabled","Enabled","5574183",""
"High Frequency Acne Facial ","70.00","45m","","No tax","What Is A High Frequency Facial? The high frequency facial is used to treat and prevent stubborn acne, shrink enlarged pores, reduce the appearance of fine lines and wrinkles, decongest puffy eyes, fade dark eye circles and even rejuvenate the condition of the scalp and nourish hair follicles for healthier hair growth.
Facial includes double cleanse, extractions, hot towel treatment, steam w/ enzyme, high frequency, mask and vitamin c","Skin Spa","Acne Facial","Not required","Enabled","Everyone","Enabled","Enabled","8183033",""
" Platelet-Rich Fibrin (PRF) Injection for Hair Loss","398.00","1h","","No tax","Hair thinning? PRF Hair Restoration is here to help you regrow naturally — no surgery, no chemicals, just your body doing the work 💉✨
✅ Boosts hair growth
✅ Uses your own healing platelets
✅ Safe & all-natural

🧬 Say goodbye to hair loss and hello to confidence!
","PRP INJECTIONS","Hair Loss Treatment","Not required","Enabled","Everyone","Enabled","Enabled","19704876",""
"PRP TOPICAL  W/ MICRONEEDLING","249.00","1h","","No tax","A powerful skin-rejuvenating treatment where your own PRP (platelet-rich plasma) is microneedled into the skin to:

Boost collagen & elastin

Minimize fine lines & acne scars

Improve skin texture & glow

Reduce pore size and hyperpigmentation

","PRP INJECTIONS","Anti-Wrinkle Injections","Not required","Enabled","Everyone","Enabled","Enabled","19665289",""
"ONE JOINT( SINGLE SESSION)","299.00","1h","","No tax","A targeted platelet-rich plasma (PRP) injection to reduce inflammation, improve joint mobility, and promote natural healing. Perfect for addressing joint pain in areas such as the knee, shoulder, or hip.","PRP INJECTIONS","TUG Breast Reconstruction","Not required","Disabled","","Enabled","Enabled","19548210",""
"Korean Lash Lift New Now Available","125.00","1h","","No tax","Experience beautifully lifted, defined lashes that are conditioned from root to tip. 

You’ve likely noticed the soft, wide-eyed lash look trending everywhere. This is the Korean Lash Lift, and we at Hello Gorgeous Med Spa are proud to offer this innovative treatment to give you stunning results without the need for extensions or glue. Our gentle, keratin-rich technique enhances your natural lashes, providing a refined curl that is both healthier and more flexible than traditional methods.

Discover why everyone is making the switch: enjoy healthier lashes with conditioning formulas, a natural curl that adds a polished look, and a style that works effortlessly on stubborn lashes. Plus, you’ll love the convenience—skip the mascara and enjoy weeks of lasting beauty with minimal aftercare.","Lash Spa","Eyelash Extensions","Not required","Enabled","Everyone","Enabled","Enabled","24315419",""
" Full Set Eyelash Extensions - Classic Full Set","120.00","1h 30m","","No tax","Indulge in the essence of true beauty at Hello Gorgeous! Our meticulous lash extensions are handcrafted with love, offering you the opportunity to enhance the length and volume of your own lashes. Bid farewell to daily mascara or strip lash application with our lightweight and convenient extensions. Whether you choose a full set or a refill appointment, expect professional care that typically takes up to two hours for a full set and around an hour for refills. Most clients find fill appointments necessary every 3-4 weeks due to the natural shedding cycle of lashes.

Pre-Lash Appointment Tips:

Clean your lashes
Arrive on time
Avoid caffeine
Get ready to relax
Silence your phone

We understand that life can sometimes get hectic. If you anticipate being late for your appointment, please give us a call so we can accommodate and adjust the schedule accordingly.

In case you need to cancel your appointment, kindly provide us with 24hour notice to allow other guests to book during that time.","Lash Spa","Eyelash Extensions","Not required","Enabled","Everyone","Enabled","Enabled","5138218",""
" Full Set Eyelash Extensions - Hybrid Full Set","150.00","1h 30m","","No tax","Indulge in the essence of true beauty at Hello Gorgeous! Our meticulous lash extensions are handcrafted with love, offering you the opportunity to enhance the length and volume of your own lashes. Bid farewell to daily mascara or strip lash application with our lightweight and convenient extensions. Whether you choose a full set or a refill appointment, expect professional care that typically takes up to two hours for a full set and around an hour for refills. Most clients find fill appointments necessary every 3-4 weeks due to the natural shedding cycle of lashes.

Pre-Lash Appointment Tips:

Clean your lashes
Arrive on time
Avoid caffeine
Get ready to relax
Silence your phone

We understand that life can sometimes get hectic. If you anticipate being late for your appointment, please give us a call so we can accommodate and adjust the schedule accordingly.

In case you need to cancel your appointment, kindly provide us with 24hour notice to allow other guests to book during that time.","Lash Spa","Eyelash Extensions","Not required","Enabled","Everyone","Enabled","Enabled","5138218",""
" Full Set Eyelash Extensions - Volume Full Set ","175.00","2h","","No tax","Indulge in the essence of true beauty at Hello Gorgeous! Our meticulous lash extensions are handcrafted with love, offering you the opportunity to enhance the length and volume of your own lashes. Bid farewell to daily mascara or strip lash application with our lightweight and convenient extensions. Whether you choose a full set or a refill appointment, expect professional care that typically takes up to two hours for a full set and around an hour for refills. Most clients find fill appointments necessary every 3-4 weeks due to the natural shedding cycle of lashes.

Pre-Lash Appointment Tips:

Clean your lashes
Arrive on time
Avoid caffeine
Get ready to relax
Silence your phone

We understand that life can sometimes get hectic. If you anticipate being late for your appointment, please give us a call so we can accommodate and adjust the schedule accordingly.

In case you need to cancel your appointment, kindly provide us with 24hour notice to allow other guests to book during that time.","Lash Spa","Eyelash Extensions","Not required","Enabled","Everyone","Enabled","Enabled","5138218",""
"Lash Extensions - Mini Fill( w/ in 7 days )","35.00","30m","","No tax","Indulge in the essence of true beauty at Hello Gorgeous! Our meticulous lash extensions are handcrafted with love, offering you the opportunity to enhance the length and volume of your own lashes. Bid farewell to daily mascara or strip lash application with our lightweight and convenient extensions. Whether you choose a full set or a refill appointment, expect professional care that typically takes up to two hours for a full set and around an hour for refills. Most clients find fill appointments necessary every 3-4 weeks due to the natural shedding cycle of lashes.

Pre-Lash Appointment Tips:

Clean your lashes
Arrive on time
Avoid caffeine
Get ready to relax
Silence your phone

We understand that life can sometimes get hectic. If you anticipate being late for your appointment, please give us a call so we can accommodate and adjust the schedule accordingly.

In case you need to cancel your appointment, kindly provide us with 24-hour notice to allow other guests to book during that time","Lash Spa","Eyelash Extensions","Not required","Enabled","Everyone","Enabled","Enabled","14709806",""
"Lash Extensions - Hybrid Lash Fill","75.00","1h","","No tax","Indulge in the essence of true beauty at Hello Gorgeous! Our meticulous lash extensions are handcrafted with love, offering you the opportunity to enhance the length and volume of your own lashes. Bid farewell to daily mascara or strip lash application with our lightweight and convenient extensions. Whether you choose a full set or a refill appointment, expect professional care that typically takes up to two hours for a full set and around an hour for refills. Most clients find fill appointments necessary every 3-4 weeks due to the natural shedding cycle of lashes.

Pre-Lash Appointment Tips:

Clean your lashes
Arrive on time
Avoid caffeine
Get ready to relax
Silence your phone

We understand that life can sometimes get hectic. If you anticipate being late for your appointment, please give us a call so we can accommodate and adjust the schedule accordingly.

In case you need to cancel your appointment, kindly provide us with 24-hour notice to allow other guests to book during that time","Lash Spa","Eyelash Extensions","Not required","Enabled","Everyone","Enabled","Enabled","14709806",""
"Lash Extensions - New Client Fill","90.00","1h","","No tax","Indulge in the essence of true beauty at Hello Gorgeous! Our meticulous lash extensions are handcrafted with love, offering you the opportunity to enhance the length and volume of your own lashes. Bid farewell to daily mascara or strip lash application with our lightweight and convenient extensions. Whether you choose a full set or a refill appointment, expect professional care that typically takes up to two hours for a full set and around an hour for refills. Most clients find fill appointments necessary every 3-4 weeks due to the natural shedding cycle of lashes.

Pre-Lash Appointment Tips:

Clean your lashes
Arrive on time
Avoid caffeine
Get ready to relax
Silence your phone

We understand that life can sometimes get hectic. If you anticipate being late for your appointment, please give us a call so we can accommodate and adjust the schedule accordingly.

In case you need to cancel your appointment, kindly provide us with 24-hour notice to allow other guests to book during that time","Lash Spa","Eyelash Extensions","Not required","Enabled","Everyone","Enabled","Enabled","14709806",""
"Lash Extensions - Volume Lash Fill ","90.00","1h 15m","","No tax","Indulge in the essence of true beauty at Hello Gorgeous! Our meticulous lash extensions are handcrafted with love, offering you the opportunity to enhance the length and volume of your own lashes. Bid farewell to daily mascara or strip lash application with our lightweight and convenient extensions. Whether you choose a full set or a refill appointment, expect professional care that typically takes up to two hours for a full set and around an hour for refills. Most clients find fill appointments necessary every 3-4 weeks due to the natural shedding cycle of lashes.

Pre-Lash Appointment Tips:

Clean your lashes
Arrive on time
Avoid caffeine
Get ready to relax
Silence your phone

We understand that life can sometimes get hectic. If you anticipate being late for your appointment, please give us a call so we can accommodate and adjust the schedule accordingly.

In case you need to cancel your appointment, kindly provide us with 24-hour notice to allow other guests to book during that time","Lash Spa","Eyelash Extensions","Not required","Enabled","Everyone","Enabled","Enabled","14709806",""
"Lash Extensions - Lash & Grow Fill W/ Biotin Injection Shot","99.00","1h","","No tax","Indulge in the essence of true beauty at Hello Gorgeous! Our meticulous lash extensions are handcrafted with love, offering you the opportunity to enhance the length and volume of your own lashes. Bid farewell to daily mascara or strip lash application with our lightweight and convenient extensions. Whether you choose a full set or a refill appointment, expect professional care that typically takes up to two hours for a full set and around an hour for refills. Most clients find fill appointments necessary every 3-4 weeks due to the natural shedding cycle of lashes.

Pre-Lash Appointment Tips:

Clean your lashes
Arrive on time
Avoid caffeine
Get ready to relax
Silence your phone

We understand that life can sometimes get hectic. If you anticipate being late for your appointment, please give us a call so we can accommodate and adjust the schedule accordingly.

In case you need to cancel your appointment, kindly provide us with 24-hour notice to allow other guests to book during that time","Lash Spa","Eyelash Extensions","Not required","Enabled","Everyone","Enabled","Enabled","14709806",""
"Lash Lift  - Lash Lift - No Tint","69.00","45m","","No tax","","Lash Spa","Lash Lift","Not required","Enabled","Everyone","Enabled","Enabled","11911801",""
"Lash Lift  - Lash Lift - With Tint","75.00","1h","","No tax","","Lash Spa","Lash Lift","Not required","Enabled","Everyone","Enabled","Enabled","11911801",""
"Wax - Lip and Chin","10.00","10m","","No tax","","Brow Spa","Face Waxing","Not required","Disabled","","Enabled","Enabled","12979588",""
"Brow Shaping/Wax","20.00","15m","","No tax","","Brow Spa","Permanent Makeup","Not required","Enabled","Everyone","Enabled","Enabled","1666231",""
"Brow Henna Shaping & Wax","40.00","45m","","No tax","","Brow Spa","Henna Brows","Not required","Enabled","Everyone","Enabled","Enabled","5314247",""
"Brow Lamination with Wax & Shape - Without Tint","75.00","50m","","No tax","Brow Lamination is the process of perming the eyebrows so that they look fuller and straight.  Brow Lamination can be used to help thin eyebrows look fuller, make full eyebrows straighter, and unruly curly eyebrows straighter and more manageable. ","Brow Spa","Brow Lamination","Not required","Enabled","Everyone","Enabled","Enabled","12762799",""
"Brow Lamination with Wax & Shape - With Tint","85.00","1h","","No tax","Brow Lamination is the process of perming the eyebrows so that they look fuller and straight.  Brow Lamination can be used to help thin eyebrows look fuller, make full eyebrows straighter, and unruly curly eyebrows straighter and more manageable. ","Brow Spa","Brow Lamination","Not required","Enabled","Everyone","Enabled","Enabled","12762799",""
"Laser Hair Removal - Legs or Arms per session","149.00","30m","","No tax","3-6 sessions recommended for permanent results","Body Spa","Laser Hair Removal","Not required","Enabled","Everyone","Enabled","Enabled","16774915",""
"Laser Hair Removal - Underarm per session","79.00","15m","","No tax","3-6 sessions recommended for permanent results","Body Spa","Laser Hair Removal","Not required","Enabled","Everyone","Enabled","Enabled","16774835",""
"Laser Hair Removal - Upper Lip or Chin per session","59.00","15m","","No tax","3-6 sessions recommended for permanent results","Body Spa","Laser Hair Removal","Not required","Enabled","Everyone","Enabled","Enabled","12690149",""
"Laser Hair Removal - Bikini per session","79.00","15m","","No tax","3-6 sessions recommended for permanent results","Body Spa","Laser Hair Removal","Not required","Disabled","","Enabled","Enabled","16774820",""
"Laser Hair Removal - Brazilian per session","129.00","30m","","No tax","3-6 sessions recommended for permanent results","Body Spa","Laser Hair Removal","Not required","Enabled","Everyone","Enabled","Enabled","12690395",""
"Laser Hair Removal Consultation  - Laser Hair Consultation  - Free","0.00","30m","","No tax","Skin Type: We will go over the Fitzpatrick skin type classification and discuss contraindications of procedure and medical history.

Treatment Sessions: Multiple treatment sessions are typically required for optimal hair reduction, as the laser targets hair follicles in the anagen phase. The number of sessions depends on factors such as the patient's hair type, skin type, and treatment area.

Pre- and Post-Treatment Care: We will discuss proper patient education on pre- and post-treatment care which is essential for optimal treatment outcomes and minimizing potential side effects.

Put together a treatment plan to target your needs to achieve optimal results. 
","Body Spa","Laser Hair Removal","Not required","Enabled","Everyone","Enabled","Enabled","12690409",""
""
